Link,Alt,Src,Srcset_Modified,Source
https://jasoseol.com/desktop,,https://daoift3qrrnil.cloudfront.net/ggs/images/59549/original/%EC%82%BC%EC%84%B1DS_PC%ED%8C%9D%EC%97%85%EB%B0%B0%EB%84%88_%EA%B2%80%EC%88%98%282%EB%B0%B0%EC%88%98%29_%281%29.png?1756256925,,__NEXT_DATA__
https://jasoseol.com/desktop,,https://daoift3qrrnil.cloudfront.net/ggs/images/59549/webp/%EC%82%BC%EC%84%B1DS_PC%ED%8C%9D%EC%97%85%EB%B0%B0%EB%84%88_%EA%B2%80%EC%88%98%282%EB%B0%B0%EC%88%98%29_%281%29.webp?1756256925,,__NEXT_DATA__
https://jasoseol.com/desktop,,https://jasoseol.com/sub_images/original/missing.png,,__NEXT_DATA__
https://jasoseol.com/desktop,,https://jasoseol.com/sub_images/webp/missing.png,,__NEXT_DATA__
https://jasoseol.com/desktop,,https://daoift3qrrnil.cloudfront.net/ggs/images/59545/original/%E1%84%92%E1%85%A1%E1%86%AB%E1%84%80%E1%85%AE%E1%86%A8%E1%84%80%E1%85%AD%E1%84%8C%E1%85%B5%E1%86%A8%E1%84%8B%E1%85%AF%E1%86%AB%E1%84%80%E1%85%A9%E1%86%BC%E1%84%8C%E1%85%A6%E1%84%92%E1%85%AC_PC%E1%84%91%E1%85%A1%E1%86%B8%E1%84%8B%E1%85%A5%E1%86%B8%E1%84%87%E1%85%A2%E1%84%82%E1%85%A5.png?1756114166,,__NEXT_DATA__
https://jasoseol.com/desktop,,https://daoift3qrrnil.cloudfront.net/ggs/images/59545/webp/%E1%84%92%E1%85%A1%E1%86%AB%E1%84%80%E1%85%AE%E1%86%A8%E1%84%80%E1%85%AD%E1%84%8C%E1%85%B5%E1%86%A8%E1%84%8B%E1%85%AF%E1%86%AB%E1%84%80%E1%85%A9%E1%86%BC%E1%84%8C%E1%85%A6%E1%84%92%E1%85%AC_PC%E1%84%91%E1%85%A1%E1%86%B8%E1%84%8B%E1%85%A5%E1%86%B8%E1%84%87%E1%85%A2%E1%84%82%E1%85%A5.webp?1756114166,,__NEXT_DATA__
https://jasoseol.com/desktop,,https://daoift3qrrnil.cloudfront.net/ggs/images/57451/original/LG%E1%84%80%E1%85%B3%E1%84%85%E1%85%AE%E1%86%B8_PC%E1%84%91%E1%85%A1%E1%86%B8%E1%84%8B%E1%85%A5%E1%86%B8%E1%84%87%E1%85%A2%E1%84%82%E1%85%A5.jpg?1755679847,,__NEXT_DATA__
https://jasoseol.com/desktop,,https://daoift3qrrnil.cloudfront.net/ggs/images/57451/webp/LG%E1%84%80%E1%85%B3%E1%84%85%E1%85%AE%E1%86%B8_PC%E1%84%91%E1%85%A1%E1%86%B8%E1%84%8B%E1%85%A5%E1%86%B8%E1%84%87%E1%85%A2%E1%84%82%E1%85%A5.webp?1755679847,,__NEXT_DATA__
https://jasoseol.com/desktop,,https://daoift3qrrnil.cloudfront.net/ggs/images/58683/original/%E1%84%8B%E1%85%AE%E1%84%85%E1%85%B5%E1%84%8B%E1%85%B3%E1%86%AB%E1%84%92%E1%85%A2%E1%86%BC_PC%E1%84%91%E1%85%A1%E1%86%B8%E1%84%8B%E1%85%A5%E1%86%B8%E1%84%87%E1%85%A2%E1%84%82%E1%85%A5-%E1%84%8E%E1%85%AC%E1%84%8C%E1%85%A9%E1%86%BC.png?1755160273,,__NEXT_DATA__
https://jasoseol.com/desktop,,https://daoift3qrrnil.cloudfront.net/ggs/images/58683/webp/%E1%84%8B%E1%85%AE%E1%84%85%E1%85%B5%E1%84%8B%E1%85%B3%E1%86%AB%E1%84%92%E1%85%A2%E1%86%BC_PC%E1%84%91%E1%85%A1%E1%86%B8%E1%84%8B%E1%85%A5%E1%86%B8%E1%84%87%E1%85%A2%E1%84%82%E1%85%A5-%E1%84%8E%E1%85%AC%E1%84%8C%E1%85%A9%E1%86%BC.webp?1755160273,,__NEXT_DATA__
https://jasoseol.com/desktop,,https://daoift3qrrnil.cloudfront.net/ggs/images/59455/original/250820_%EC%9C%A0%EB%8F%85_AI%EC%BA%A0%ED%8E%98%EC%9D%B8_%EC%9E%90%EC%86%8C%EC%84%A4%EB%8B%B7%EC%BB%B4_%ED%8C%9D%EC%97%85%EB%B0%B0%EB%84%88A_PC_550x400_v3.jpg?1756114513,,__NEXT_DATA__
https://jasoseol.com/desktop,,https://daoift3qrrnil.cloudfront.net/ggs/images/59455/webp/250820_%EC%9C%A0%EB%8F%85_AI%EC%BA%A0%ED%8E%98%EC%9D%B8_%EC%9E%90%EC%86%8C%EC%84%A4%EB%8B%B7%EC%BB%B4_%ED%8C%9D%EC%97%85%EB%B0%B0%EB%84%88A_PC_550x400_v3.webp?1756114513,,__NEXT_DATA__
https://jasoseol.com/desktop,,https://daoift3qrrnil.cloudfront.net/ggs/images/58024/original/PC_%ED%99%88%ED%8C%9D%EC%97%85_%EB%B0%B0%EB%84%88.png?1753609383,,__NEXT_DATA__
https://jasoseol.com/desktop,,https://daoift3qrrnil.cloudfront.net/ggs/images/58024/webp/PC_%ED%99%88%ED%8C%9D%EC%97%85_%EB%B0%B0%EB%84%88.webp?1753609383,,__NEXT_DATA__
https://jasoseol.com/desktop,,https://daoift3qrrnil.cloudfront.net/ggs/images/58137/original/%E1%84%92%E1%85%A1%E1%86%AB%E1%84%80%E1%85%AE%E1%86%A8%E1%84%86%E1%85%AE%E1%84%8B%E1%85%A7%E1%86%A8%E1%84%92%E1%85%A7%E1%86%B8%E1%84%92%E1%85%AC_PC%E1%84%91%E1%85%A1%E1%86%B8%E1%84%8B%E1%85%A5%E1%86%B8%E1%84%87%E1%85%A2%E1%84%82%E1%85%A5.png?1755499535,,__NEXT_DATA__
https://jasoseol.com/desktop,,https://daoift3qrrnil.cloudfront.net/ggs/images/58137/webp/%E1%84%92%E1%85%A1%E1%86%AB%E1%84%80%E1%85%AE%E1%86%A8%E1%84%86%E1%85%AE%E1%84%8B%E1%85%A7%E1%86%A8%E1%84%92%E1%85%A7%E1%86%B8%E1%84%92%E1%85%AC_PC%E1%84%91%E1%85%A1%E1%86%B8%E1%84%8B%E1%85%A5%E1%86%B8%E1%84%87%E1%85%A2%E1%84%82%E1%85%A5.webp?1755499535,,__NEXT_DATA__
https://jasoseol.com/desktop,,https://daoift3qrrnil.cloudfront.net/ggs/images/58091/original/%ED%95%A9%EA%B2%A9%EC%BD%94%EC%B9%98_PC%ED%8C%9D%EC%97%85%EB%B0%B0%EB%84%88.png?1755157534,,__NEXT_DATA__
https://jasoseol.com/desktop,,https://daoift3qrrnil.cloudfront.net/ggs/images/58091/webp/%ED%95%A9%EA%B2%A9%EC%BD%94%EC%B9%98_PC%ED%8C%9D%EC%97%85%EB%B0%B0%EB%84%88.webp?1755157534,,__NEXT_DATA__
https://jasoseol.com/desktop,,https://daoift3qrrnil.cloudfront.net/ggs/images/58630/original/%E1%84%92%E1%85%A7%E1%86%AB%E1%84%83%E1%85%A2%E1%84%85%E1%85%A9%E1%84%90%E1%85%A6%E1%86%B7_PC%E1%84%91%E1%85%A1%E1%86%B8%E1%84%8B%E1%85%A5%E1%86%B8%E1%84%87%E1%85%A2%E1%84%82%E1%85%A5.png?1755758833,,__NEXT_DATA__
https://jasoseol.com/desktop,,https://daoift3qrrnil.cloudfront.net/ggs/images/58630/webp/%E1%84%92%E1%85%A7%E1%86%AB%E1%84%83%E1%85%A2%E1%84%85%E1%85%A9%E1%84%90%E1%85%A6%E1%86%B7_PC%E1%84%91%E1%85%A1%E1%86%B8%E1%84%8B%E1%85%A5%E1%86%B8%E1%84%87%E1%85%A2%E1%84%82%E1%85%A5.webp?1755758833,,__NEXT_DATA__
https://jasoseol.com/desktop,,https://daoift3qrrnil.cloudfront.net/ggs/images/58758/original/%E1%84%92%E1%85%A1%E1%86%AB%E1%84%80%E1%85%AE%E1%86%A8%E1%84%8B%E1%85%A8%E1%84%90%E1%85%A1%E1%86%A8%E1%84%80%E1%85%A7%E1%86%AF%E1%84%8C%E1%85%A6%E1%84%8B%E1%85%AF%E1%86%AB_PC%E1%84%91%E1%85%A1%E1%86%B8%E1%84%8B%E1%85%A5%E1%86%B8%E1%84%87%E1%85%A2%E1%84%82%E1%85%A5.png?1755490306,,__NEXT_DATA__
https://jasoseol.com/desktop,,https://daoift3qrrnil.cloudfront.net/ggs/images/58758/webp/%E1%84%92%E1%85%A1%E1%86%AB%E1%84%80%E1%85%AE%E1%86%A8%E1%84%8B%E1%85%A8%E1%84%90%E1%85%A1%E1%86%A8%E1%84%80%E1%85%A7%E1%86%AF%E1%84%8C%E1%85%A6%E1%84%8B%E1%85%AF%E1%86%AB_PC%E1%84%91%E1%85%A1%E1%86%B8%E1%84%8B%E1%85%A5%E1%86%B8%E1%84%87%E1%85%A2%E1%84%82%E1%85%A5.webp?1755490306,,__NEXT_DATA__
https://jasoseol.com/desktop,,https://daoift3qrrnil.cloudfront.net/ggs/images/59445/original/%E1%84%89%E1%85%A1%E1%86%B7%E1%84%89%E1%85%A5%E1%86%BC%E1%84%8C%E1%85%A5%E1%86%AB%E1%84%8C%E1%85%A1DX_PC%E1%84%91%E1%85%A1%E1%86%B8%E1%84%8B%E1%85%A5%E1%86%B8%E1%84%87%E1%85%A2%E1%84%82%E1%85%A5_A.png?1756187201,,__NEXT_DATA__
https://jasoseol.com/desktop,,https://daoift3qrrnil.cloudfront.net/ggs/images/59445/webp/%E1%84%89%E1%85%A1%E1%86%B7%E1%84%89%E1%85%A5%E1%86%BC%E1%84%8C%E1%85%A5%E1%86%AB%E1%84%8C%E1%85%A1DX_PC%E1%84%91%E1%85%A1%E1%86%B8%E1%84%8B%E1%85%A5%E1%86%B8%E1%84%87%E1%85%A2%E1%84%82%E1%85%A5_A.webp?1756187201,,__NEXT_DATA__
https://jasoseol.com/desktop,,https://daoift3qrrnil.cloudfront.net/ggs/images/59490/original/%E1%84%89%E1%85%A1%E1%86%B7%E1%84%89%E1%85%A5%E1%86%BC%E1%84%92%E1%85%AA%E1%84%8C%E1%85%A2%E1%84%92%E1%85%A2%E1%84%89%E1%85%A1%E1%86%BC%E1%84%87%E1%85%A9%E1%84%92%E1%85%A5%E1%86%B7_PC%E1%84%91%E1%85%A1%E1%86%B8%E1%84%8B%E1%85%A5%E1%86%B8%E1%84%87%E1%85%A2%E1%84%82%E1%85%A5_%E1%84%8E%E1%85%AC%E1%84%8C%E1%85%A9%E1%86%BC.png?1756277272,,__NEXT_DATA__
https://jasoseol.com/desktop,,https://daoift3qrrnil.cloudfront.net/ggs/images/59490/webp/%E1%84%89%E1%85%A1%E1%86%B7%E1%84%89%E1%85%A5%E1%86%BC%E1%84%92%E1%85%AA%E1%84%8C%E1%85%A2%E1%84%92%E1%85%A2%E1%84%89%E1%85%A1%E1%86%BC%E1%84%87%E1%85%A9%E1%84%92%E1%85%A5%E1%86%B7_PC%E1%84%91%E1%85%A1%E1%86%B8%E1%84%8B%E1%85%A5%E1%86%B8%E1%84%87%E1%85%A2%E1%84%82%E1%85%A5_%E1%84%8E%E1%85%AC%E1%84%8C%E1%85%A9%E1%86%BC.webp?1756277272,,__NEXT_DATA__
